{
  "Author": "Le Wizard",
  "Name": "Dematerial Desynthesis",
  "InternalName": "DEMATSYNTH",
  "AssemblyVersion": "0.0.0.1",
  "Description": "A little helper that lets you retrieval of all materia and then desynth an item.",
  "ApplicableVersion": "any",
  "Tags": [
    "Materia",
    "Desynthesis"
  ],
  "DalamudApiLevel": 13,
  "LoadRequiredState": 0,
  "LoadSync": false,
  "CanUnloadAsync": false,
  "LoadPriority": 0,
  "Punchline": "What if you could remove the materia when you desynth?",
  "AcceptsFeedback": true
}